username,id,fans,follow,biography,posts_count
ligiamous79,54035868039,3,20,,9
_sneha_hh_,52275449175,500,179,"ãƒ»ĞºÏ…Ñ‚Ñ‚Î±Î·Î±âˆ‚Î±Î· gÎ¹Ñâ„“ğŸŒ¾
    ãƒ»@alluarjunonline ....â¤
         
                    à¹‘ ÊŸÉªêœ°á´‡ É¢á´á´‡êœ± á´É´ âœ§",4
shaylinjanelle,3075514306,9582,0,à½Å³Æ–Ä±Å‹É  É±áƒ§ à½É›Ä…Æ–É±,9
darshandarshan6539,54052226303,0,4,,0
nat_ts9870,54074144326,0,64,,0
musette6.8545212474.76,53886120621,3,15,,0
mr_anas_khan_offical,49598829919,759,263,"â–ˆâ•‘â–Œâ–ˆâ•‘â–Œâ•‘â–ˆâ•‘â•‘â–ˆ
ğŸ˜˜Insta LoVer ğŸ˜
ğŸ’˜Ğ¼ÏƒĞ¼+Dadâ¤ï¸My worldğŸ’˜
ğŸ˜­First CRY ğŸ‚  25 ğ™Šğ™˜ğ™©ğ™¤ğ™—ğ™šğ™§
ğŸï¸ğŸ¥°KTM Lover
ğŸ˜˜Love You Friends
ğŸ™Respect Girlâ€™sğŸ™
ğŸ¥³Bindassâ™¥ï¸",41
amymarcela,2372610978,912,222,busca lo que encienda tu alma,22
